INSERT INTO vision_campo (id, cd_campo, nm_campo, ic_tipo, ic_chave)VALUES ( 1, 'ic_tipo_documento', 'Tipo do documento', 1, 1);
INSERT INTO vision_campo (id, cd_campo, nm_campo, ic_tipo, ic_chave)VALUES ( 2, 'id_mensalidade', 'Id da mensalidade', 1, 1);
INSERT INTO vision_campo (id, cd_campo, nm_campo, ic_tipo, ic_chave)VALUES ( 3, 'nr_documento', 'Número do documento', 1, 0);
INSERT INTO vision_campo (id, cd_campo, nm_campo, ic_tipo, ic_chave)VALUES ( 4, 'nr_titulo', 'Número do título', 1, 1);
INSERT INTO vision_campo (id, cd_campo, nm_campo, ic_tipo, ic_chave)VALUES ( 5, 'id_estrutura_servico', 'Id estrutura do serviço', 1, 1);
INSERT INTO vision_campo (id, cd_campo, nm_campo, ic_tipo, ic_chave)VALUES ( 6, 'sequencia_titulo', 'Sequência do título', 1, 0);
INSERT INTO vision_campo (id, cd_campo, nm_campo, ic_tipo, ic_chave)VALUES ( 7, 'nr_ano', 'Ano', 4, 0);
INSERT INTO vision_campo (id, cd_campo, nm_campo, ic_tipo, ic_chave)VALUES ( 8, 'nr_semestre', 'Número do semestre', 1, 0);
INSERT INTO vision_campo (id, cd_campo, nm_campo, ic_tipo, ic_chave)VALUES ( 9, 'cd_instituicao_ensino', 'Código da Instituição de ensino', 1, 1);
INSERT INTO vision_campo (id, cd_campo, nm_campo, ic_tipo, ic_chave)VALUES ( 10, 'nm_instituicao_ensino', 'Nome da Instituição de ensino', 2, 0);
INSERT INTO vision_campo (id, cd_campo, nm_campo, ic_tipo, ic_chave)VALUES ( 11, 'cd_tipo_curso', 'Código Tipo de Curso', 1, 1);
INSERT INTO vision_campo (id, cd_campo, nm_campo, ic_tipo, ic_chave)VALUES ( 12, 'ds_tipo_curso', 'Descrição do tipo de curso', 2, 0);
INSERT INTO vision_campo (id, cd_campo, nm_campo, ic_tipo, ic_chave)VALUES ( 13, 'cd_curso', 'Código do curso', 1, 1);
INSERT INTO vision_campo (id, cd_campo, nm_campo, ic_tipo, ic_chave)VALUES ( 14, 'nm_curso', 'Nome do curso', 2, 0);
INSERT INTO vision_campo (id, cd_campo, nm_campo, ic_tipo, ic_chave)VALUES ( 15, 'cd_curso_instituicao', 'Código da relação Curso/Instituição', 1, 1);
INSERT INTO vision_campo (id, cd_campo, nm_campo, ic_tipo, ic_chave)VALUES ( 16, 'id_tipo_receita_despesa', 'Id tipo receita despesa', 1, 1);
INSERT INTO vision_campo (id, cd_campo, nm_campo, ic_tipo, ic_chave)VALUES ( 17, 'ds_tipo_receita_despesa', 'Descrição do tipo de receita despesa', 2, 0);
INSERT INTO vision_campo (id, cd_campo, nm_campo, ic_tipo, ic_chave)VALUES ( 18, 'cd_aluno', 'Código do aluno', 1, 1);
INSERT INTO vision_campo (id, cd_campo, nm_campo, ic_tipo, ic_chave)VALUES ( 19, 'nm_aluno', 'Nome do aluno', 2, 0);
INSERT INTO vision_campo (id, cd_campo, nm_campo, ic_tipo, ic_chave)VALUES ( 20, 'id_responsavel_financeiro', 'Id do responsável financeiro', 1, 1);
INSERT INTO vision_campo (id, cd_campo, nm_campo, ic_tipo, ic_chave)VALUES ( 21, 'nm_responsavel_financeiro', 'Nome do responsável financeiro', 2, 0);
INSERT INTO vision_campo (id, cd_campo, nm_campo, ic_tipo, ic_chave)VALUES ( 22, 'dt_vencimento', 'Data de vencimento', 4, 0);
INSERT INTO vision_campo (id, cd_campo, nm_campo, ic_tipo, ic_chave)VALUES ( 23, 'dt_pagamento', 'Data de pagamento', 4, 0);
INSERT INTO vision_campo (id, cd_campo, nm_campo, ic_tipo, ic_chave)VALUES ( 24, 'caixa', 'Caixa', 3, 0);
INSERT INTO vision_campo (id, cd_campo, nm_campo, ic_tipo, ic_chave)VALUES ( 25, 'banco', 'Banco', 3, 1);
INSERT INTO vision_campo (id, cd_campo, nm_campo, ic_tipo, ic_chave)VALUES ( 26, 'ajuste', 'Ajuste', 3, 1);
INSERT INTO vision_campo (id, cd_campo, nm_campo, ic_tipo, ic_chave)VALUES ( 27, 'previsao_nao_confirmado', 'Previsão não confirmada', 3, 0);
INSERT INTO vision_campo (id, cd_campo, nm_campo, ic_tipo, ic_chave)VALUES ( 28, 'previsao_confirmado', 'Previsão confirmada', 3, 0);
INSERT INTO vision_campo (id, cd_campo, nm_campo, ic_tipo, ic_chave)VALUES ( 29, 'previsao_desconto_nao_confirmado', 'Previsão de desconto não confirmado', 3, 0);
INSERT INTO vision_campo (id, cd_campo, nm_campo, ic_tipo, ic_chave)VALUES ( 30, 'previsao_desconto_confirmado', 'Previsão de desconto confirmado', 3, 0);
INSERT INTO vision_campo (id, cd_campo, nm_campo, ic_tipo, ic_chave)VALUES ( 31, 'desconto_concedido', 'Desconto concedido', 3, 0);
INSERT INTO vision_campo (id, cd_campo, nm_campo, ic_tipo, ic_chave)VALUES ( 32, 'juros_calculado', 'Juros calculado', 3, 0);
INSERT INTO vision_campo (id, cd_campo, nm_campo, ic_tipo, ic_chave)VALUES ( 33, 'multa_calculado', 'Multa calculado', 3, 0);
INSERT INTO vision_campo (id, cd_campo, nm_campo, ic_tipo, ic_chave)VALUES ( 34, 'nota_promissoria', 'Nota promissória', 3, 0);
INSERT INTO vision_campo (id, cd_campo, nm_campo, ic_tipo, ic_chave)VALUES ( 35, 'fies', 'FIES', 3, 0);
INSERT INTO vision_campo (id, cd_campo, nm_campo, ic_tipo, ic_chave)VALUES ( 36, 'cobranca', 'Cobrança', 3, 0);
INSERT INTO vision_campo (id, cd_campo, nm_campo, ic_tipo, ic_chave)VALUES ( 37, 'dif_nao_confirmado', 'Dif não confirmada', 3, 0);
INSERT INTO vision_campo (id, cd_campo, nm_campo, ic_tipo, ic_chave)VALUES ( 38, 'perdas', 'Perdas', 3, 0);
INSERT INTO vision_campo (id, cd_campo, nm_campo, ic_tipo, ic_chave)VALUES ( 39, 'dinheiro', 'Dinheiro', 3, 0);
INSERT INTO vision_campo (id, cd_campo, nm_campo, ic_tipo, ic_chave)VALUES ( 40, 'cartao_debito', 'Cartão de débito', 3, 0);
INSERT INTO vision_campo (id, cd_campo, nm_campo, ic_tipo, ic_chave)VALUES ( 41, 'cartao_credito', 'Cartão de crédito', 3, 0);
INSERT INTO vision_campo (id, cd_campo, nm_campo, ic_tipo, ic_chave)VALUES ( 42, 'cheque', 'Cheque', 3, 0);
INSERT INTO vision_campo (id, cd_campo, nm_campo, ic_tipo, ic_chave)VALUES ( 43, 'cheque_pre', 'Cheque pré', 3, 0);
INSERT INTO vision_campo (id, cd_campo, nm_campo, ic_tipo, ic_chave)VALUES ( 44, 'bolsa_condicional_nao_confirmado', 'Bolsa condicional não confirmada', 3, 0);
INSERT INTO vision_campo (id, cd_campo, nm_campo, ic_tipo, ic_chave)VALUES ( 45, 'bolsa_incondicional_nao_confirmado', 'Bolsa incondicional não confirmada', 3, 0);
INSERT INTO vision_campo (id, cd_campo, nm_campo, ic_tipo, ic_chave)VALUES ( 46, 'bolsa_condicional_confirmado', 'Bolsa condicional confirmada', 3, 0);
INSERT INTO vision_campo (id, cd_campo, nm_campo, ic_tipo, ic_chave)VALUES ( 47, 'bolsa_incondicional_confirmado', 'Bolsa incondicional confirmada', 3, 0);
INSERT INTO vision_campo (id, cd_campo, nm_campo, ic_tipo, ic_chave)VALUES ( 48, 'previsao_diversos_nao_confirmado', 'Previsão de diversos não confirmado', 3, 0);
INSERT INTO vision_campo (id, cd_campo, nm_campo, ic_tipo, ic_chave)VALUES ( 49, 'previsao_diversos_confirmado', 'Previsão de diversos confirmado', 3, 0);
INSERT INTO vision_campo (id, cd_campo, nm_campo, ic_tipo, ic_chave)VALUES ( 50, 'dif_confirmado', 'Dif confirmada', 3, 0);
INSERT INTO vision_campo (id, cd_campo, nm_campo, ic_tipo, ic_chave)VALUES ( 51, 'desconto_calculado', 'Desconto calculado', 3, 0);
INSERT INTO vision_campo (id, cd_campo, nm_campo, ic_tipo, ic_chave)VALUES ( 52, 'permuta', 'Permuta', 3, 0);
INSERT INTO vision_campo (id, cd_campo, nm_campo, ic_tipo, ic_chave)VALUES ( 53, 'desconto_nao_previsto', 'Desconto não previsto', 3, 0);
INSERT INTO vision_modelo (id, nm_modelo, nr_ordem, ds_descricao, ds_expressao, ic_formula)VALUES ( 1, 'Tipo Documento', 1, 'Campo refere-se ao tipo de documento.', '<%= ic_tipo_documento %>', null);
INSERT INTO vision_modelo (id, nm_modelo, nr_ordem, ds_descricao, ds_expressao, ic_formula)VALUES ( 2, 'Mensalidade', 1, 'Campo refere-se ao código da mensalidade.', '<%= id_mensalidade %>', null);
INSERT INTO vision_modelo (id, nm_modelo, nr_ordem, ds_descricao, ds_expressao, ic_formula)VALUES ( 3, 'Documento', 1, 'Campo refere-se ao número do documento da mensalidade.', '<%= nr_documento %>', null);
INSERT INTO vision_modelo (id, nm_modelo, nr_ordem, ds_descricao, ds_expressao, ic_formula)VALUES ( 4, 'Estrutura Serviço', 1, 'Campo refere-se a estrutura de serviço.', '<%= id_estrutura_servico %>', null);
INSERT INTO vision_modelo (id, nm_modelo, nr_ordem, ds_descricao, ds_expressao, ic_formula)VALUES ( 5, 'Ano/Semestre', 3, 'Campo refere-se ao ano e semestre.', '<%= nr_ano %> / <%= nr_semestre %>', null);
INSERT INTO vision_modelo (id, nm_modelo, nr_ordem, ds_descricao, ds_expressao, ic_formula)VALUES ( 6, 'Instituição', 1, 'Campo refere-se à instituição de ensino registrada no sistema.', '<%= nm_instituicao_ensino %>', null);
INSERT INTO vision_modelo (id, nm_modelo, nr_ordem, ds_descricao, ds_expressao, ic_formula)VALUES ( 7, 'Curso', 2, 'Campo refere-se ao curso registrado no sistema.', '<%= ds_tipo_curso %>', null);
INSERT INTO vision_modelo (id, nm_modelo, nr_ordem, ds_descricao, ds_expressao, ic_formula)VALUES ( 8, 'Série', 4, 'Campo refere-se à série registrada no sistema.', '<%= cd_curso_instituicao %> - <%= nm_curso %>', null);
INSERT INTO vision_modelo (id, nm_modelo, nr_ordem, ds_descricao, ds_expressao, ic_formula)VALUES ( 9, 'Tipo de Receita e Despesa', 4, 'Campo refere-se ao tipo de receita/despesa registrada no sistema.', '<%= id_tipo_receita_despesa %> - <%= ds_tipo_receita_despesa %>', null);
INSERT INTO vision_modelo (id, nm_modelo, nr_ordem, ds_descricao, ds_expressao, ic_formula)VALUES ( 10, 'Aluno', 5, 'Campo refere-se ao aluno registrado no sistema.', '<%= nm_aluno %>', null);
INSERT INTO vision_modelo (id, nm_modelo, nr_ordem, ds_descricao, ds_expressao, ic_formula)VALUES ( 11, 'Caixa', 15, 'Campo refere-se à conta financeira caixa registrada no sistema.', '<%= caixa %>', null);
INSERT INTO vision_modelo (id, nm_modelo, nr_ordem, ds_descricao, ds_expressao, ic_formula)VALUES ( 12, 'Responsável financeiro', 10, 'Campo refere-se responsável financeiro registrado no sistema.', '<%= nm_responsavel_financeiro %>', null);
INSERT INTO vision_modelo (id, nm_modelo, nr_ordem, ds_descricao, ds_expressao, ic_formula)VALUES ( 13, 'Vencimento', 6, 'Campo refere-se a data de vencimento da parcela registrada no sistema.', '<%= dt_vencimento %>', null);
INSERT INTO vision_modelo (id, nm_modelo, nr_ordem, ds_descricao, ds_expressao, ic_formula)VALUES ( 14, 'Pagamento', 7, 'Campo refere-se a data de pagamento da parcela registrada no sistema.', '<%= dt_pagamento %>', null);
INSERT INTO vision_modelo (id, nm_modelo, nr_ordem, ds_descricao, ds_expressao, ic_formula)VALUES ( 15, 'Banco', 16, 'Campo refere-se à conta financeira Banco registrada no sistema.', '<%= banco %>', null);
INSERT INTO vision_modelo (id, nm_modelo, nr_ordem, ds_descricao, ds_expressao, ic_formula)VALUES ( 16, 'Ajuste', 17, 'Campo refere-se à conta financeira Ajuste registrada no sistema.', '<%= ajuste %>', null);
INSERT INTO vision_modelo (id, nm_modelo, nr_ordem, ds_descricao, ds_expressao, ic_formula)VALUES ( 17, 'Previsão não confirmada', 8, 'Campo refere-se à conta financeira Previsão Não Confirmada registrada no sistema.', '<%= previsao_nao_confirmado %>', null);
INSERT INTO vision_modelo (id, nm_modelo, nr_ordem, ds_descricao, ds_expressao, ic_formula)VALUES ( 18, 'Previsão confirmada', 8, 'Campo refere-se à conta financeira Previsão Confirmada registrada no sistema.', '<%= previsao_confirmado %>', null);
INSERT INTO vision_modelo (id, nm_modelo, nr_ordem, ds_descricao, ds_expressao, ic_formula)VALUES ( 19, 'Previsão de desconto não confrimado', 12, 'Campo refere-se à conta financeira Previsão Desconto Não Confirmado registrada no sistema.', '<%= previsao_desconto_nao_confirmado %>', null);
INSERT INTO vision_modelo (id, nm_modelo, nr_ordem, ds_descricao, ds_expressao, ic_formula)VALUES ( 20, 'Previsão de desconto', 12, 'Campo refere-se à conta financeira Previsão Desconto Confirmado registrada no sistema.', '<%= previsao_desconto_confirmado %>', null);
INSERT INTO vision_modelo (id, nm_modelo, nr_ordem, ds_descricao, ds_expressao, ic_formula)VALUES ( 21, 'Desconto concedido', 11, 'Campo refere-se à conta financeira Desconto Concedido registrada no sistema.', '<%= desconto_concedido %>', null);
INSERT INTO vision_modelo (id, nm_modelo, nr_ordem, ds_descricao, ds_expressao, ic_formula)VALUES ( 22, 'Juros Calculado', 13, 'Campo refere-se à conta financeira Juros Calculado registrada no sistema.', '<%= juros_calculado %>', null);
INSERT INTO vision_modelo (id, nm_modelo, nr_ordem, ds_descricao, ds_expressao, ic_formula)VALUES ( 23, 'Multa Calculado', 14, 'Campo refere-se à conta financeira Multa Calculado registrada no sistema.', '<%= multa_calculado %>', null);
INSERT INTO vision_modelo (id, nm_modelo, nr_ordem, ds_descricao, ds_expressao, ic_formula)VALUES ( 24, 'Nota promissória', 18, 'Campo refere-se à conta financeira Nota Promissória registrada no sistema.', '<%= nota_promissoria %>', null);
INSERT INTO vision_modelo (id, nm_modelo, nr_ordem, ds_descricao, ds_expressao, ic_formula)VALUES ( 25, 'Fies', 18, 'Campo refere-se à conta financeira Fies registrada no sistema.', '<%= fies %>', null);
INSERT INTO vision_modelo (id, nm_modelo, nr_ordem, ds_descricao, ds_expressao, ic_formula)VALUES ( 26, 'Cobrança', 19, 'Campo refere-se à conta financeira Cobrança registrada no sistema.', '<%= cobranca %>', null);
INSERT INTO vision_modelo (id, nm_modelo, nr_ordem, ds_descricao, ds_expressao, ic_formula)VALUES ( 27, 'DIF não confirmada', 20, 'Campo refere-se à conta financeira DIF Não Confirmado registrada no sistema.', '<%= dif_nao_confirmado %>', null);
INSERT INTO vision_modelo (id, nm_modelo, nr_ordem, ds_descricao, ds_expressao, ic_formula)VALUES ( 28, 'Perdas', 20, 'Campo refere-se à conta financeira Perdas registrada no sistema.', '<%= perdas %>', null);
INSERT INTO vision_modelo (id, nm_modelo, nr_ordem, ds_descricao, ds_expressao, ic_formula)VALUES ( 29, 'Dinheiro', 21, 'Campo refere-se à conta financeira Dinheiro registrada no sistema.', '<%= dinheiro %>', null);
INSERT INTO vision_modelo (id, nm_modelo, nr_ordem, ds_descricao, ds_expressao, ic_formula)VALUES ( 30, 'Cartão de débito', 22, 'Campo refere-se à conta financeira Cartão Débito registrada no sistema.', '<%= cartao_debito %>', null);
INSERT INTO vision_modelo (id, nm_modelo, nr_ordem, ds_descricao, ds_expressao, ic_formula)VALUES ( 31, 'Cartão de crédito', 23, 'Campo refere-se à conta financeira Cartão Crédito registrada no sistema.', '<%= cartao_credito %>', null);
INSERT INTO vision_modelo (id, nm_modelo, nr_ordem, ds_descricao, ds_expressao, ic_formula)VALUES ( 32, 'Cheque', 24, 'Campo refere-se à conta financeira Cheque registrada no sistema.', '<%= cheque %>', null);
INSERT INTO vision_modelo (id, nm_modelo, nr_ordem, ds_descricao, ds_expressao, ic_formula)VALUES ( 33, 'Cheque pré', 25, 'Campo refere-se à conta financeira Cheque Pré registrada no sistema.', '<%= cheque_pre %>', null);
INSERT INTO vision_modelo (id, nm_modelo, nr_ordem, ds_descricao, ds_expressao, ic_formula)VALUES ( 34, 'Bolsa condicional não confirmado', 26, 'Campo refere-se à conta financeira Bolsa Condicional Não Confirmado registrada no sistema.', '<%= bolsa_condicional_nao_confirmado %>', null);
INSERT INTO vision_modelo (id, nm_modelo, nr_ordem, ds_descricao, ds_expressao, ic_formula)VALUES ( 35, 'Bolsa condicional confirmado', 26, 'Campo refere-se à conta financeira Bolsa Condicional Confirmado registrada no sistema.', '<%= bolsa_condicional_confirmado %>', null);
INSERT INTO vision_modelo (id, nm_modelo, nr_ordem, ds_descricao, ds_expressao, ic_formula)VALUES ( 36, 'Bolsa incondicional não confirmado', 27, 'Campo refere-se à conta financeira Bolsa Incondicional Não Confirmado registrada no sistema.', '<%= bolsa_incondicional_nao_confirmado %>', null);
INSERT INTO vision_modelo (id, nm_modelo, nr_ordem, ds_descricao, ds_expressao, ic_formula)VALUES ( 37, 'Bolsa incondicional confirmado', 27, 'Campo refere-se à conta financeira Bolsa Incondicional Confirmado registrada no sistema.', '<%= bolsa_incondicional_confirmado %>', null);
INSERT INTO vision_modelo (id, nm_modelo, nr_ordem, ds_descricao, ds_expressao, ic_formula)VALUES ( 38, 'Previsão de diversos confirmado', 28, 'Campo refere-se à conta financeira Previsão Diversos Confirmado registrada no sistema.', '<%= previsao_diversos_confirmado %>', null);
INSERT INTO vision_modelo (id, nm_modelo, nr_ordem, ds_descricao, ds_expressao, ic_formula)VALUES ( 39, 'Previsão de diversos não confirmado', 28, 'Campo refere-se à conta financeira Previsão Diversos Não Confirmado registrada no sistema.', '<%= previsao_diversos_confirmado %>', null);
INSERT INTO vision_modelo (id, nm_modelo, nr_ordem, ds_descricao, ds_expressao, ic_formula)VALUES ( 40, 'DIF Confirmado', 29, 'Campo refere-se à conta financeira DIF Confirmado registrada no sistema.', '<%= dif_confirmado %>', null);
INSERT INTO vision_modelo (id, nm_modelo, nr_ordem, ds_descricao, ds_expressao, ic_formula)VALUES ( 41, 'Desconto calculado', 30, 'Campo refere-se à conta financeira Desconto Calculado registrada no sistema.', '<%= desconto_calculado %>', null);
INSERT INTO vision_modelo (id, nm_modelo, nr_ordem, ds_descricao, ds_expressao, ic_formula)VALUES ( 42, 'Permuta', 31, 'Campo refere-se à conta financeira Permuta registrada no sistema.', '<%= permuta %>', null);
INSERT INTO vision_modelo (id, nm_modelo, nr_ordem, ds_descricao, ds_expressao, ic_formula)VALUES ( 43, 'Desconto não previsto', 31, 'Campo refere-se à conta financeira Desconto Não Previsto registrada no sistema.', '<%= desconto_nao_previsto %>', null);
INSERT INTO vision_modelo_campo_chave (id_campo, id_modelo)VALUES (7,5);
INSERT INTO vision_modelo_campo_chave (id_campo, id_modelo)VALUES (9,6);
INSERT INTO vision_modelo_campo_chave (id_campo, id_modelo)VALUES (18,10);
INSERT INTO vision_modelo_campo_chave (id_campo, id_modelo)VALUES (24,11);
INSERT INTO vision_modelo_campo_chave (id_campo, id_modelo)VALUES (20,12);
INSERT INTO vision_modelo_campo_chave (id_campo, id_modelo)VALUES (22,13);
INSERT INTO vision_modelo_campo_chave (id_campo, id_modelo)VALUES (23,14);
INSERT INTO vision_modelo_campo_chave (id_campo, id_modelo)VALUES (27,17);
INSERT INTO vision_modelo_campo_chave (id_campo, id_modelo)VALUES (28,18);
INSERT INTO vision_modelo_campo_chave (id_campo, id_modelo)VALUES (29,19);
INSERT INTO vision_modelo_campo_chave (id_campo, id_modelo)VALUES (30,20);
INSERT INTO vision_modelo_campo_chave (id_campo, id_modelo)VALUES (31,21);
INSERT INTO vision_modelo_campo_chave (id_campo, id_modelo)VALUES (32,22);
INSERT INTO vision_modelo_campo_chave (id_campo, id_modelo)VALUES (33,23);
INSERT INTO vision_modelo_campo_chave (id_campo, id_modelo)VALUES (34,24);
INSERT INTO vision_modelo_campo_chave (id_campo, id_modelo)VALUES (35,25);
INSERT INTO vision_modelo_campo_chave (id_campo, id_modelo)VALUES (36,26);
INSERT INTO vision_modelo_campo_chave (id_campo, id_modelo)VALUES (38,28);
INSERT INTO vision_modelo_campo_chave (id_campo, id_modelo)VALUES (39,29);
INSERT INTO vision_modelo_campo_chave (id_campo, id_modelo)VALUES (40,30);
INSERT INTO vision_modelo_campo_chave (id_campo, id_modelo)VALUES (41,31);
INSERT INTO vision_modelo_campo_chave (id_campo, id_modelo)VALUES (42,32);
INSERT INTO vision_modelo_campo_chave (id_campo, id_modelo)VALUES (43,33);
INSERT INTO vision_modelo_campo_chave (id_campo, id_modelo)VALUES (44,34);
INSERT INTO vision_modelo_campo_chave (id_campo, id_modelo)VALUES (46,35);
INSERT INTO vision_modelo_campo_chave (id_campo, id_modelo)VALUES (45,36);
INSERT INTO vision_modelo_campo_chave (id_campo, id_modelo)VALUES (47,37);
INSERT INTO vision_modelo_campo_chave (id_campo, id_modelo)VALUES (49,38);
INSERT INTO vision_modelo_campo_chave (id_campo, id_modelo)VALUES (48,39);
INSERT INTO vision_modelo_campo_chave (id_campo, id_modelo)VALUES (50,40);
INSERT INTO vision_modelo_campo_chave (id_campo, id_modelo)VALUES (51,41);
INSERT INTO vision_modelo_campo_chave (id_campo, id_modelo)VALUES (52,42);
INSERT INTO vision_modelo_campo_chave (id_campo, id_modelo)VALUES (53,43);
INSERT INTO vision_modelo_campo_valor (id_campo, id_modelo)VALUES (7,5);
INSERT INTO vision_modelo_campo_valor (id_campo, id_modelo)VALUES (10,6);
INSERT INTO vision_modelo_campo_valor (id_campo, id_modelo)VALUES (12,7);
INSERT INTO vision_modelo_campo_valor (id_campo, id_modelo)VALUES (19,10);
INSERT INTO vision_modelo_campo_valor (id_campo, id_modelo)VALUES (24,11);
INSERT INTO vision_modelo_campo_valor (id_campo, id_modelo)VALUES (21,12);
INSERT INTO vision_modelo_campo_valor (id_campo, id_modelo)VALUES (22,13);
INSERT INTO vision_modelo_campo_valor (id_campo, id_modelo)VALUES (23,14);
INSERT INTO vision_modelo_campo_valor (id_campo, id_modelo)VALUES (27,17);
INSERT INTO vision_modelo_campo_valor (id_campo, id_modelo)VALUES (28,18);
INSERT INTO vision_modelo_campo_valor (id_campo, id_modelo)VALUES (29,19);
INSERT INTO vision_modelo_campo_valor (id_campo, id_modelo)VALUES (30,20);
INSERT INTO vision_modelo_campo_valor (id_campo, id_modelo)VALUES (31,21);
INSERT INTO vision_modelo_campo_valor (id_campo, id_modelo)VALUES (32,22);
INSERT INTO vision_modelo_campo_valor (id_campo, id_modelo)VALUES (33,23);
INSERT INTO vision_modelo_campo_valor (id_campo, id_modelo)VALUES (34,24);
INSERT INTO vision_modelo_campo_valor (id_campo, id_modelo)VALUES (35,25);
INSERT INTO vision_modelo_campo_valor (id_campo, id_modelo)VALUES (36,26);
INSERT INTO vision_modelo_campo_valor (id_campo, id_modelo)VALUES (37,27);
INSERT INTO vision_modelo_campo_valor (id_campo, id_modelo)VALUES (38,28);
INSERT INTO vision_modelo_campo_valor (id_campo, id_modelo)VALUES (39,29);
INSERT INTO vision_modelo_campo_valor (id_campo, id_modelo)VALUES (40,30);
INSERT INTO vision_modelo_campo_valor (id_campo, id_modelo)VALUES (41,31);
INSERT INTO vision_modelo_campo_valor (id_campo, id_modelo)VALUES (42,32);
INSERT INTO vision_modelo_campo_valor (id_campo, id_modelo)VALUES (43,33);
INSERT INTO vision_modelo_campo_valor (id_campo, id_modelo)VALUES (44,34);
INSERT INTO vision_modelo_campo_valor (id_campo, id_modelo)VALUES (46,35);
INSERT INTO vision_modelo_campo_valor (id_campo, id_modelo)VALUES (45,36);
INSERT INTO vision_modelo_campo_valor (id_campo, id_modelo)VALUES (47,37);
INSERT INTO vision_modelo_campo_valor (id_campo, id_modelo)VALUES (49,38);
INSERT INTO vision_modelo_campo_valor (id_campo, id_modelo)VALUES (48,39);
INSERT INTO vision_modelo_campo_valor (id_campo, id_modelo)VALUES (50,40);
INSERT INTO vision_modelo_campo_valor (id_campo, id_modelo)VALUES (51,41);
INSERT INTO vision_modelo_campo_valor (id_campo, id_modelo)VALUES (52,42);
INSERT INTO vision_modelo_campo_valor (id_campo, id_modelo)VALUES (53,43);
INSERT INTO vision_layout (id, nm_layout, ds_layout, vl_linha_altura, vl_linha_altura_preview)VALUES ( 1, 'Layout normal', 'Descrição', 15, 2);
INSERT INTO vision_layout (id, nm_layout, ds_layout, vl_linha_altura, vl_linha_altura_preview)VALUES ( 2, 'Layout sem header', 'Descrição', 15, 2);
INSERT INTO vision_layout (id, nm_layout, ds_layout, vl_linha_altura, vl_linha_altura_preview)VALUES ( 3, 'Inteirão', 'Descrição', 15, 2);
INSERT INTO vision_layout (id, nm_layout, ds_layout, vl_linha_altura, vl_linha_altura_preview)VALUES ( 4, 'Layout com texto', 'Descrição', 15, 2);
INSERT INTO vision_layout (id, nm_layout, ds_layout, vl_linha_altura, vl_linha_altura_preview)VALUES ( 5, 'Layout master', 'Descrição', 15, 2);
INSERT INTO vision_layout (id, nm_layout, ds_layout, vl_linha_altura, vl_linha_altura_preview)VALUES ( 6, 'Puro com texto', 'Descrição', 15, 2);
INSERT INTO vision_layout_container (id, nm_container, ic_tipo, nr_linhas, nr_colunas, id_layout)VALUES ( 1, 'Com foto', '1', 35, 12, 5);
INSERT INTO vision_layout_container (id, nm_container, ic_tipo, nr_linhas, nr_colunas, id_layout)VALUES ( 2, 'Movimentos', '2', 35, 12, 5);
INSERT INTO vision_layout_container (id, nm_container, ic_tipo, nr_linhas, nr_colunas, id_layout)VALUES ( 3, 'Saldos', '3', 35, 12, 5);
INSERT INTO vision_layout_container (id, nm_container, ic_tipo, nr_linhas, nr_colunas, id_layout)VALUES ( 4, 'Sem foto', '1', 35, 12, 1);
INSERT INTO vision_layout_container (id, nm_container, ic_tipo, nr_linhas, nr_colunas, id_layout)VALUES ( 5, 'Ambos', '3', 35, 12, 1);
INSERT INTO vision_layout_componente (id, nm_componente, ic_tipo, nr_colunas, nr_linhas, id_layout_container)VALUES ( 1, 'Com foto', 1, 12, 35, 1);
INSERT INTO vision_layout_componente (id, nm_componente, ic_tipo, nr_colunas, nr_linhas, id_layout_container)VALUES ( 2, 'Movimentos', 2, 12, 35, 2);
INSERT INTO vision_layout_componente (id, nm_componente, ic_tipo, nr_colunas, nr_linhas, id_layout_container)VALUES ( 3, 'Saldos', 3, 12, 35, 3);
INSERT INTO vision_layout_componente (id, nm_componente, ic_tipo, nr_colunas, nr_linhas, id_layout_container)VALUES ( 4, 'Sem foto', 1, 12, 35, 4);
INSERT INTO vision_layout_componente (id, nm_componente, ic_tipo, nr_colunas, nr_linhas, id_layout_container)VALUES ( 5, 'Ambos', 3, 12, 35, 5);
INSERT INTO vision (id, nm_vision, ds_vision, id_hash, id_layout, dt_criacao, dt_atualizacao)VALUES ( 1, 'Visão Teste Completo', 'Este teste possui todos os campos preenchidos.', 82773873442, 5, '2015-08-21 16:47:25', '2015-08-21 16:47:25');
INSERT INTO vision (id, nm_vision, ds_vision, id_hash, id_layout, dt_criacao, dt_atualizacao)VALUES ( 2, 'Teste', 'teste', 31194757836, 1, '2015-08-21 16:47:25', '2015-08-21 16:47:25');
INSERT INTO vision_template (id, nm_template, ds_template, vl_linha_altura, vl_linha_altura_preview)VALUES ( 1, 'Layout normal', 'Descrição', 15, 2);
INSERT INTO vision_template (id, nm_template, ds_template, vl_linha_altura, vl_linha_altura_preview)VALUES ( 2, 'Layout sem header', 'Descrição', 15, 2);
INSERT INTO vision_template (id, nm_template, ds_template, vl_linha_altura, vl_linha_altura_preview)VALUES ( 3, 'Inteirão', 'Descrição', 15, 2);
INSERT INTO vision_template (id, nm_template, ds_template, vl_linha_altura, vl_linha_altura_preview)VALUES ( 4, 'Layout com texto', 'Descrição', 15, 2);
INSERT INTO vision_template (id, nm_template, ds_template, vl_linha_altura, vl_linha_altura_preview)VALUES ( 5, 'Layout master', 'Descrição', 15, 2);
INSERT INTO vision_template (id, nm_template, ds_template, vl_linha_altura, vl_linha_altura_preview)VALUES ( 6, 'Puro com texto', 'Descrição', 15, 2);
INSERT INTO vision_template_container (id, nm_container, ic_tipo, nr_linhas, nr_colunas, id_template)VALUES ( 1, 'Sem foto', '1', 35, 12, 1);
INSERT INTO vision_template_container (id, nm_container, ic_tipo, nr_linhas, nr_colunas, id_template)VALUES ( 2, 'Ambos', '3', 35, 12, 1);
INSERT INTO vision_template_container (id, nm_container, ic_tipo, nr_linhas, nr_colunas, id_template)VALUES ( 3, 'Ambos', '3', 85, 12, 2);
INSERT INTO vision_template_container (id, nm_container, ic_tipo, nr_linhas, nr_colunas, id_template)VALUES ( 4, 'Ambos', '3', 85, 12, 3);
INSERT INTO vision_template_container (id, nm_container, ic_tipo, nr_linhas, nr_colunas, id_template)VALUES ( 5, 'Ambos', '3', 85, 12, 4);
INSERT INTO vision_template_container (id, nm_container, ic_tipo, nr_linhas, nr_colunas, id_template)VALUES ( 6, 'Com foto', '1', 35, 12, 5);
INSERT INTO vision_template_container (id, nm_container, ic_tipo, nr_linhas, nr_colunas, id_template)VALUES ( 7, 'Ambos', '3', 35, 12, 5);
INSERT INTO vision_template_container (id, nm_container, ic_tipo, nr_linhas, nr_colunas, id_template)VALUES ( 8, 'Ambos', '3', 85, 12, 6);
INSERT INTO vision_template_componente (id, nm_componente, ic_tipo, nr_colunas, nr_linhas, id_template_container)VALUES ( 1, 'Sem foto', 1, 12, 35, 1);
INSERT INTO vision_template_componente (id, nm_componente, ic_tipo, nr_colunas, nr_linhas, id_template_container)VALUES ( 2, 'Ambos', 3, 12, 35, 2);
INSERT INTO vision_template_componente (id, nm_componente, ic_tipo, nr_colunas, nr_linhas, id_template_container)VALUES ( 3, 'Ambos', 3, 12, 85, 3);
INSERT INTO vision_template_componente (id, nm_componente, ic_tipo, nr_colunas, nr_linhas, id_template_container)VALUES ( 4, 'Ambos', 3, 12, 85, 4);
INSERT INTO vision_template_componente (id, nm_componente, ic_tipo, nr_colunas, nr_linhas, id_template_container)VALUES ( 5, 'Ambos', 3, 12, 85, 5);
INSERT INTO vision_template_componente (id, nm_componente, ic_tipo, nr_colunas, nr_linhas, id_template_container)VALUES ( 6, 'Com foto', 1, 12, 35, 6);
INSERT INTO vision_template_componente (id, nm_componente, ic_tipo, nr_colunas, nr_linhas, id_template_container)VALUES ( 7, 'Ambos', 3, 12, 35, 7);
INSERT INTO vision_template_componente (id, nm_componente, ic_tipo, nr_colunas, nr_linhas, id_template_container)VALUES ( 8, 'Ambos', 3, 12, 85, 8);
